通し番号,品番,商品ID,商品名,タイトル,仕入個数,在庫数,棚卸,仕入日
"62,430",323103M83600069,4940577975645 ,F1 TCF4713R #SC1,TOTO　アプリコット　F1　TCF4713R　#SC1　[パステルアイボリー]　温水洗浄便座,1,1,,2024/5/1
"62,375",DA2412945969,4902370536058 ,ゼルダの伝説,,1,1,,2024/4/29
"62,347",766595886722A,4988615183980 ,PLJM-17333,Winning Post 10 2024 [通常版] [PS4] ,1,1,,2024/4/27
"62,289",O79LJJOVDQ5HMRMF,4580038879732 ,CPH2557BK,OPPO A79 5G SIMフリー [ミステリーブラック] SIMフリースマートフォン,1,1,,2024/4/25
"61,996",358477804506A,4571303222179 ,COTSUBU [BLACK] ,COTSUBU [BLACK] フルワイヤレスイヤホン,1,1,,2024/4/10
"61,851",A2SUC316904Y0Y,840006698418 ,CH-91A401A-JP,K65 PRO MINI CH-91A401A-JP [ブラック] 日本語レイアウト かな印字無し 有線キーボード,1,1,,2024/4/4
"61,821",4VGZM13002023T,6941565922595 ,DJI-Mic,DJI Mic  ワイヤレスマイク,1,1,,2024/4/3
"61,487",SH95L771TJKM9,4549995050042 ,MU8F2J/A,アップル Apple iPad Pro用 Apple Pencil MU8F2J/A Appleペンシル 第2世代,1,1,,2024/3/12
"61,431",SJQP2G5LQF7,4549995400908 ,MR993J/A,Apple Watch Series 9 GPSモデル 45mm MR993J/A [ミッドナイトスポーツバンド S/M],1,1,,2024/3/9
"61,407",AZND0927-KN0399590,4968929216925 ,WAVE-BUDSWHT,WAVE BUDS [ホワイト] 「オーバルシェイプ・サウンドチューブ」を採用した完全ワイヤレスイヤホン,1,1,,2024/3/7
"61,375",DA2461400932,4940261520175 ,HAC-P-BBQ6A,不思議のダンジョン 風来のシレン6 とぐろ島探検録 [Nintendo Switch],1,1,,2024/3/7
"61,085",564098310112A,4710623447279 ,MD600A-BUSPBBLTH,Barocco MD600A-BUSPBBLTH 茶軸 [ブラック]キーボード 左右分離型 ［有線・ワイヤレス /Bluetooth・USB］,1,1,,2024/2/12
"61,075",DA2306302809,4902370545319 ,HAC-P-ACBAA,任天堂 あつまれ どうぶつの森 [Nintendo Switch],1,1,,2024/2/10
"60,612",491595228143A,4981747076915 ,VSI-3213/KJ,VSI-3213/KJ カールアイロン,1,1,,2024/1/15
"60,597",73400553V336A2A0003636,7340055391368 ,EMBERTON2BLACKBRASS,Emberton II [Black and Brass] マルチディレクショナル（全方位）サウンドを採用したBluetoothスピーカー,1,1,,2024/1/13
"60,452",DA1625114632,5030917299964 ,ELJM-30361,Call of Duty： Modern Warfare III [PS5],1,1,,2024/1/8
"60,387",G9M0XB211263,4710483931598 ,B550M-Pro4,B550M Pro4 MicroATXマザーボード,1,1,,2023/12/25
"60,385",G9M0XB211262,4710483931598 ,B550M-Pro4,B550M Pro4 MicroATXマザーボード,1,1,,2023/12/25
"60,381",128494150164A,4902370543889 ,HAC-P-ALZAA,任天堂 Nintendo ポケットモンスター ソード  Nintendo Switch,1,1,,2023/12/24
"60,383",G9M0XB211264,4710483931598 ,B550M-Pro4,B550M Pro4 MicroATXマザーボード,1,1,,2023/12/22
"60,135",005506837865A,4549767165851 ,HAC-P-BAB8A,すみっコぐらし みんなでリズムパーティ [Nintendo Switch] ,1,1,,2023/12/9
"59,963",361525334450A,4902901972034 ,NJ-SE06F-B,備長炭 炭炊釜 NJ-SE06F-B [黒曜]三菱IＨジャー炊飯器 炭炊釜 3.5合,1,1,,2023/12/2
"59,947",358465263914A,4967576618939 ,HDR-M101-H,MiCOLA HDR-M101-H [ダークグレー]イオンドライヤー,1,1,,2023/11/30
"59,945",182567091206A,4987176111135 ,B09PB3CJJF_5,"さらさ 洗濯洗剤 液体 詰め替え 2,100g 5個セット",1,1,,2023/11/30
"59,836",621634205205A,619659188948 ,SDSDXVV-256G-GNCIN,SDSDXVV-256G-GNCIN [256GB] SDXCメモリーカード ,1,1,,2023/11/28
"59,590",SD0J7KG2L6H,4549995401059 ,MR963J/A,Apple Watch Series 9 GPSモデル 45mm MR963J/A [スターライトスポーツバンド S/M],1,1,,2023/11/16
"59,314",CS0593-HN0148720,4968929217212 ,JBLTOURPRO2BLK,TOUR PRO 2 [ブラック]完全ワイヤレスイヤホン,1,1,,2023/11/4
"59,255",333520752342A,4957180118628 ,HVTR-BCTX3,IODATA REC-ON HVTR-BCTX3 地上・BS・110度CSデジタル放送対応ネットワークテレビチューナー,1,1,,2023/10/30
"59,259",B363693929970,619659184162 ,SDSQUA4-032G-GN6MN,SDSQUA4-032G-GN6MN [32GB] SDメモリーカードClass10,1,1,,2023/10/30
"59,261",C363693929970,619659184162 ,SDSQUA4-032G-GN6MN,SDSQUA4-032G-GN6MN [32GB] SDメモリーカードClass10,1,1,,2023/10/30
"59,263",D363693929970,619659184162 ,SDSQUA4-032G-GN6MN,SDSQUA4-032G-GN6MN [32GB] SDメモリーカードClass10,1,1,,2023/10/30
"59,186",477921177182A,4549550203975 ,M-DY10DRSKBUL,M-DY10DRSKBUL [ライトブルー]無線マウス 光学式 Sサイズ,1,1,,2023/10/26
"58,898",323349454256A,4956027129261 ,ELJM-30336,イースX - NORDICS - [通常版] [PS5],1,1,,2023/10/12
"58,821",DA0880980291,4949776442040 ,PLJM-17262,ARMORED CORE VI FIRES OF RUBICON [PS4],1,1,,2023/10/10
"58,542",083832M31186396AE,4969929258168 ,QCEARBUDSIIBLK,QuietComfort Earbuds II [トリプルブラック] 完全ワイヤレスイヤフォン,1,1,,2023/9/30
"58,462",SGD7L28EZ266Y,4549995391923 ,MQTR3PA/A,Beats Studio Pro MQTR3PA/A [サンドストーン]空間オーディオやロスレスオーディオに対応したANCヘッドホン,1,1,,2023/9/26
"58,422",PM2329F64400020,4571585635131 ,RZ03-04340100-R3M1,Huntsman Mini Analog RZ03-04340100-R3M1 ゲーミングキーボード,1,1,,2023/9/23
"58,117",44176B6AFMN3UJ03404,6941812705858 ,BHR6854GL,Redmi Watch 3 シリコンストラップ [アイボリー]スマートウォッチ,1,1,,2023/9/11
"57,841",005503616861A,4548736062368 ,MDREX155N,SONY MDR-EX155 (N) [ゴールド] ダイナミック密閉型カナルイヤホン,1,1,,2023/9/4
"57,835",AC2207D20604111,4571585635094 ,RZ04-03520300-R3M1,HelloKitty and Friends Edition RZ04-03520300-R3M1 ,1,1,,2023/9/3
"57,613",443837143234A,4549077898975 ,LR03NJ/20SW,パナソニック エボルタNEO アルカリ乾電池 単4形 20本パック LR03NJ/20SW,1,1,,2023/8/4
"57,605",S012151856E,4548736064768 ,NW-S313 (L),SONY NW-S313 (L) [4GB ブルー] ポータブルオーディオプレーヤー,1,1,,2023/8/3
"57,440",223073295998S,4582678511249 ,AQC-WX1P-W,WIPEL AQC-WX1P-W [ホワイト] コードレススティック掃除機,1,1,,2023/7/19
"56,946",10053256 ,4956810841547 ,4.95681E+12,こども用おでかけハンガー １個入,15,15,,2023/6/14
"56,932",5166884 ,4903111961900 ,4.90311E+12,超立体マスク こども用 園児・低学年用 ホワイト 5枚入,6,6,,2023/6/14
"56,934",17202454 ,4903111543663 ,4.90311E+12,超立体マスク こども用 園児・低学年用 ピンク 20枚入,2,2,,2023/6/14
"56,936",5166883 ,4903111962273 ,4.90311E+12,超立体マスク こども用 園児・低学年用 男女共用 ピンク 5枚入,6,6,,2023/6/14
"56,962",40398 ,4955574781526 ,4.95557E+12,ソフトタッチで、カブレにくい！　救急バン　Ｍサイズ　１００枚入,1,1,,2023/6/14
"56,938",16045097 ,4973512309779 ,4.97351E+12,ヤシノミ洗剤 プレミアムパワー 濃縮タイプ 詰替用 540mL,3,3,,2023/6/14
"56,940",8851561 ,4903361440927 ,4.90336E+12,※こどもＤＨＡドロップグミ ９０粒入,2,2,,2023/6/14
"56,942",18062538 ,4903361441207 ,4.90336E+12,※[7月26日まで特価]こどもDHA+ビタミンD ドロップグミ ピーチ風味 60粒入,2,2,,2023/6/14
"56,944",8441808 ,4511413623855 ,4.51141E+12,※ＤＨＣ 茶葉まるごとカテキン 粉末緑茶 ４０ｇ,3,3,,2023/6/14
"56,948",8661475 ,4901121615295 ,4.90112E+12,ネピア ネピネピ水に流せるポケットティシュ ２０枚（１０組）×１６個パック,1,1,,2023/6/14
"56,950",3315136 ,4902424433050 ,4.90242E+12,お肌の虫よけ スキンベープミスト 200mL,2,2,,2023/6/14
"56,952",10334945 ,4902621004992 ,4.90262E+12,※ヘルシークラブ バランスパワービッグ 果実たっぷり ２袋（４本）入,3,3,,2023/6/14
"56,954",12205266 ,4956810215652 ,4.95681E+12,デイリィハンガー ホワイト 10本組,2,2,,2023/6/14
"56,956",9829943 ,4969133922008 ,4.96913E+12,多目的 廃棄物ノコギリ,1,1,,2023/6/14
"56,960",18222556 ,4969133911392 ,4.96913E+12,コジット 持ち運びできる段ボールストッカー,1,1,,2023/6/14
"56,930",17202453 ,4903111543373 ,4.90311E+12,超立体マスク こども用 園児・低学年用 ホワイト 20枚入,10,10,,2023/6/14
"56,964",11787779 ,4987115000728 ,4.98712E+12,天然除虫菊 金鳥の渦巻 ミニサイズ 除虫菊の自然な香り 20巻入,2,2,,2023/6/14
"56,958",14043141 ,4902011717082 ,4.90201E+12,エリエール+Water(プラスウォーター) ソフトパックタイプ 240枚(120組)×5個パック,6,3,,2023/6/14
"56,852",S013026465C,4548736103351 ,ICD-UX570FS,ICD-UX570F (S) [シルバー] 「おまかせボイス」を搭載したICレコーダー（4GB）,1,1,,2023/6/13
"56,453",A120230322105753,4535506303547 ,"HAC-P-A74QA",ルーンファクトリー3スペシャル [Nintendo Switch],1,1,,2023/5/19
"55,829",ADA1398969432,4902370539073 ,HAC-P-AH26A,任天堂　星のカービィ スターアライズ,1,1,,2023/5/2
"55,795",626527234966A,4944076005322 ,HAC-P-A97RA,バッカニヤ [Nintendo Switch],1,1,,2023/4/29
"55,664",DA1842088814,4573419410280 ,HAC-P-A27FA,あの、素晴らしい をもう一度/再装版HD [通常版] [Nintendo Switch],1,1,,2023/4/24
"55,650",323789892090A,4902370551044 ,HAC-P-AXB8A,ベヨネッタ オリジンズ： セレッサと迷子の悪魔 [Nintendo Switch],1,1,,2023/4/22
"55,107",Q22AB10427S,885022024643 ,TS-262-4G,TS-262-4G [マルチメディアNAS],1,1,,2023/4/4
"54,773",2710598863373A,4571411195464 ,A2663N11,Nano II 65W A2663N11 充電器,1,1,,2023/3/21
"53,792",079616Y13575331AE,4969929252784 ,Headphones700-BLK,BOSE ボーズ Bose Noise Cancelling Headphones 700 BLK ブルートゥースヘッドホン,1,1,,2023/2/20
"53,429",A0PA2Z83664,4571597061256 ,WB-P1-NV,AVIOT Openpiece Playful WB-P1-NV [ドーンネイビー] 骨伝導イヤフォン,1,1,,2023/2/4
"53,307",A323753332954,4965857103754 ,HAC-P-A7JDA,Fit Boxing 北斗の拳 〜お前はもう痩せている〜 [Nintendo Switch] ,1,1,,2023/1/30
"53,282",A522598856581,4965857103754 ,HAC-P-A7JDA,Fit Boxing 北斗の拳 〜お前はもう痩せている〜 [Nintendo Switch] ,1,1,,2023/1/27
"53,253",C018716,4548848073627 ,ACB50X,ACB50X UVストリーマ空気清浄機,1,1,,2023/1/26
"52,223",469159670980A,4988601011433 ,HAC-P-A3FEA,ドラゴンクエスト トレジャーズ 蒼き瞳と大空の羅針盤 [Nintendo Switch] ,1,1,,2022/12/22
"52,221",368715482391A,4988601011327 ,HAC-P-A6J6A,クライシス コア - ファイナルファンタジーVII - リユニオン [Nintendo Switch] ,1,1,,2022/12/22
"52,212",477239600692A,4589857090847 ,HAC-P-A868B,WRCジェネレーションズ [Nintendo Switch] ,1,1,,2022/12/21
"52,041",A323737023912,4938833024268 ,ELJM-30246,Need for Speed Unbound [PS5] ,1,1,,2022/12/17
"51,776",A477212941870,4589857090830 ,PLJM-17128,WRCジェネレーションズ [PS4] ,1,1,,2022/12/13
"51,532",HN2211D22203114,4571585634479 ,RZ04-03240600-R3M1,BlackShark V2 X RZ04-03240600-R3M1 [Razer Green] ,1,1,,2022/12/7
"51,439",2862340980A,4580383621321 ,SL008SW25,SALONIA セラミックカールアイロン 25mm SL-008 [シルバーホワイト] ヘアアイロン ,1,1,,2022/12/5
"51,402",469158575782A,4988602175660 ,RL014-J1,遊戯王ラッシュデュエル 最強バトルロイヤル！！ いくぞ！ゴーラッシュ！！ スペシャルエディション [Nintendo Switch] ,1,1,,2022/12/5
"50,872",323724203703A,4571577961743 ,PLJS-36193,SDガンダム バトルアライアンス [PS4] ,1,1,,2022/11/22
"50,750",S12738528,4975769020322 ,HA-A11T-W,JVC HA-A11T-W [ホワイト]   完全ワイヤレスイヤホン   ,1,1,,2022/11/20
"50,569",A289240111860,4974019146874 ,IG-MX15-W,シャープ IG-MX15-W [ホワイト系] イオン発生機　車載用,1,1,,2022/11/16
"50,137",B442772347113,4902370543278 ,HAC-R-AL3PA,任天堂 Nintendo リングフィット アドベンチャー Nintendo Switchソフト,1,1,,2022/11/7
"49,497",ADA1420771584,4580544940476 ,PLJM-16804,DMM.com キングダムカム・デリバランス [DMM GAMES THE BEST] [PS4] ,1,1,,2022/10/24
"49,087",A352807436041,649528905642 ,CT2K8G48C40U5,CT2K8G48C40U5 [DDR5 PC5-38400 8GB 2枚組] メモリー,1,1,,2022/10/17
"49,091",DA1519132011,4902370550351 ,HAC-P-AZ3HA,ゼノブレイド3 [Nintendo Switch] ,1,1,,2022/10/17
"48,175",A005501347765,4560221911340 ,HAC-P-AU5KA,ぼくは航空管制官 エアポートヒーロー 羽田 [Switch] ,1,1,,2022/9/23
"48,155",A766595878436,4544626010433 ,HAC-P-A585A,剣と魔法と学園クエスト。 [Switch] ,1,1,,2022/9/22
"46,689",DA0669544709,4571577967165 ,HAC-P-AQVHA,デジモンサヴァイブ [Nintendo Switch] ,1,1,,2022/8/10
"46,421",A005502834051,4948872016063 ,ECJS-00012,DEATH STRANDING DIRECTOR'S CUT [PS5] ,1,1,,2022/8/3
"46,393",A345617047720,4938833024411 ,PLJM-17062,F1 22 [PS4] ,1,1,,2022/8/3
"46,226",B287811245293,4560464238907 ,UK-3021,NEWビビッド LEDヘッドライトCAPTAIN STAG,1,1,,2022/7/28
"45,290",A354009855566,4906128402039 ,CDM-1422,どこでもクーラー CDM-1422 [スポットエアコン]除湿機,1,1,,2022/6/30
"45,031",DA1501131026,4560158875708 ,Aurex RZE-ABT950,東芝 Aurex RZE-ABT950 完全ワイヤレスイヤホン,1,1,,2022/6/21
"44,899",DBRH012216675,747192136154 ,AH-C830NCW [ブラック] ,AH-C830NCW [ブラック] ワイヤレスイヤホン,1,1,,2022/6/19
"44,646",DA0994670371,4988601011242 ,HAC-P-A4TTA,春ゆきてレトロチカ [Nintendo Switch] ,1,1,,2022/6/13
"44,333",A247122649130,4902370549263 ,HAC-R-AS8SA,Nintendo Switch Sports [Nintendo Switch] ,1,1,,2022/6/7
"42,367",A0120210823105476,4988615157233 ,PLJM-16840,コーエーテクモゲームス 戦国無双5 [PS4] ,1,1,,2022/4/29
"42,155",A403060112383,4901872674022 ,HAKU インナーメラノディフェンサー,HAKU インナーメラノディフェンサー 薬用 美白乳液 透明感 無香料 ( 120ml ),10,7,,2022/4/21
"41,469",9JC5049R00211,730143312264 ,Ryzen 7 3800XT,AMD Ryzen 7 3800XT BOX 8コア/16スレッドに対応したCPU（ブーストクロック最大4.7GHz）,1,1,,2022/4/5
"41,381",A0220220307100537,4589794580272 ,HAC-P-A23WC,ASTRONEER [Nintendo Switch] ,1,1,,2022/4/1
"41,113",A522547695342,4976219115803 ,HAC-P-AXSEA,カプコン　モンスターハンターライズ [Nintendo Switch]　HAC-P-AXSEA,1,1,,2022/3/21
"39,805",S2016128,4974019164212 ,KI-NX75-T,シャープ KI-NX75-T [ブラウン系] 加湿空気清浄機 [適用畳数:34畳 /最大適用畳数(加湿):21畳 /PM2.5対応] ,1,1,,2022/2/16
"39,789",A323601802344,4940261517908 ,ELJS-20010,スパイク・チュンソフト ダイイングライト2 ステイ ヒューマン [PS5] ,1,1,,2022/2/16
"39,668",A0120220128101646,B087JT884K,eono 卓上モニターアーム シングル PL-03-07 13-27インチ,,1,1,,2022/2/12
"39,646",A0120220118105142,4589794580241 ,ELJM-30088,ロードス島戦記 - ディードリット・イン・ワンダーラビリンス - [PS5] ,1,1,,2022/2/12
"39,648",A0120220120101125,4988602174441 ,HAC-P-A4L4A,パワプロクンポケットR [Nintendo Switch] ,1,1,,2022/2/12
"39,650",A0120220119103963,4988602174441 ,HAC-P-A4L4A,パワプロクンポケットR [Nintendo Switch] ,1,1,,2022/2/12
"39,658",A0120211224104174,887961992007 ,MATTEL Hot Wheels プレミアム 2パック フォルクスワーゲン HBM01 イエロー,,1,1,,2022/2/12
"39,660",A0120220119108135,4967834211452 ,ハセガワ 1/24 ヒストリックカーシリーズ トヨタ MR2(AW11)後期型 G-リミテッド  HC45,,1,1,,2022/2/12
"39,662",A0120220119103048,4981932060064 ,HJ64 1/64 トヨタ スープラ A70 3.0GT リミテッド スーパーホワイトIII HJ641026DW,,1,1,,2022/2/12
"39,666",A0120220117106560,4549308558135 ,パール金属 ダンボール 収納 ストッカー ホワイト スキット HB-5813,,1,1,,2022/2/12
"39,670",A0120220128103169,B087M2NY2L,eono 卓上モニターアームデュアル PL04-07 ブラック,,1,1,,2022/2/12
"39,664",A0120220125102257,4905083058879 ,青島文化教材社 1/32 ザ・スナップキットシリーズ トヨタ GR SUPRA ブラックメタリック 色分け済みプラモデル,,1,1,,2022/2/12
"39,616",A0120220118108044,4589794580234 ,PLJM-16918,ロードス島戦記 - ディードリット・イン・ワンダーラビリンス - [PS4] ,1,1,,2022/2/11
"39,604",A0120211228101414,4902370548983 ,HAC-P-AX7QA,ポケットモンスター ブリリアントダイヤモンド [Nintendo Switch] ,1,1,,2022/2/11
"39,596",A0120211229103738,4902370549003 ,HAC-P-AX7RA,ポケットモンスター シャイニングパール [Nintendo Switch] ,1,1,,2022/2/11
"39,606",A0120211229103486,4902370548983 ,HAC-P-AX7QA,ポケットモンスター ブリリアントダイヤモンド [Nintendo Switch] ,1,1,,2022/2/11
"39,614",A0120220118108051,4589794580241 ,ELJM-30088,ロードス島戦記 - ディードリット・イン・ワンダーラビリンス - [PS5] ,1,1,,2022/2/11
"39,620",A0120220119103956,4988602174441 ,HAC-P-A4L4A,パワプロクンポケットR [Nintendo Switch] ,1,1,,2022/2/11
"39,622",A0120220119102232,4940261513580 ,PLJS-74015,ウィッチャー3 ワイルドハント ゲームオブザイヤーエディション [PS4],1,1,,2022/2/11
"39,618",A0120220118108099,4589794580258 ,HAC-P-A5JZA,ロードス島戦記 - ディードリット・イン・ワンダーラビリンス -[Nintendo Switch] ,1,1,,2022/2/11
"39,567",A522540920436,4976219115803 ,HAC-P-AXSEA,カプコン　モンスターハンターライズ [Nintendo Switch]　HAC-P-AXSEA,1,1,,2022/2/10
"39,456",A0120211223105905,4904810972013 ,ZOIDS ゾイドワイルド ZW02 ギルラプタ―,ZOIDS ゾイドワイルド ZW02 ギルラプタ―,1,1,,2022/2/8
"39,454",A0120211223106780,5702016370966 ,レゴ マクラーレンセナ 75892 ブロック トイボーイズカー,レゴ マクラーレンセナ 75892 ブロック トイボーイズカー,1,1,,2022/2/8
"39,444",A0120211229102441,4902370548983 ,HAC-P-AX7QA,ポケットモンスター ブリリアントダイヤモンド [Nintendo Switch] ,1,1,,2022/2/8
"39,438",A0120211229102007,4902370548983 ,HAC-P-AX7QA,ポケットモンスター ブリリアントダイヤモンド [Nintendo Switch] ,1,1,,2022/2/8
"39,153",A192643887391,4549995039412 ,MRXE2FE/A,Apple　12.9インチiPad Pro用 Smart Folio(第3世代) MRXE2FE/A [ホワイト],1,1,,2022/1/31
"38,902",A0120211221101411,4902370549003 ,HAC-P-AX7RA,ポケットモンスター シャイニングパール [Nintendo Switch] ,1,1,,2022/1/21
"38,898",A0120211215105739,4571558940095 ,ELJM-30092,ディサイプルズ リベレーション [PS5] ,1,1,,2022/1/21
"38,896",A0120211214103491,4571558940095 ,ELJM-30092,ディサイプルズ リベレーション [PS5] ,1,1,,2022/1/21
"38,688",080866W13071040AE,4969929254795 ,BOSETVSPEAKER,TV Speaker テレビスピーカー Bluetooth 接続,1,1,,2022/1/14
"38,686",TL1091-KL0012636,4968929077878 ,JBLBAR50MBBLKJN,JBLBAR50MBBLKJN [サウンドバー BAR 5.0 MultiBeam Dolby Atmos 対応],1,1,,2022/1/14
"38,111",A005501279696,4938833023728 ,PLJM-16911,FIFA 22 [PS4] ,1,1,,2021/12/27
"38,081",A0120211203108308,4988602174106 ,RL007-J1,コナミ 遊戯王ラッシュデュエル 最強バトルロイヤル！！ [Nintendo Switch] ,1,1,,2021/12/24
"38,075",A0120211129107614,4902370548983 ,HAC-P-AX7QA,ポケットモンスター ブリリアントダイヤモンド [Nintendo Switch] ,1,1,,2021/12/24
"38,073",A0120211125109094,4902370548983 ,HAC-P-AX7QA,ポケットモンスター ブリリアントダイヤモンド [Nintendo Switch] ,1,1,,2021/12/24
"38,071",A0120211202101775,4902370548983 ,HAC-P-AX7QA,ポケットモンスター ブリリアントダイヤモンド [Nintendo Switch] ,1,1,,2021/12/24
"38,032",A358636341755,4938833023728 ,PLJM-16911,FIFA 22 [PS4] ,1,1,,2021/12/24
"37,890",A444301515361,5060528036696 ,HAC-P-A2DJB,パウ・パトロール：ザ・ムービー アドベンチャー・シティがよんでいる[Nintendo Switch],1,1,,2021/12/21
"37,836",ADA0822538111,4535506303288 ,ELJM-30026,マーベラス CONTROL アルティメット・エディション [PS5] ,1,1,,2021/12/20
"37,796",B623163406213,4902370548983 ,HAC-P-AX7QA,ポケットモンスター ブリリアントダイヤモンド [Nintendo Switch] ,1,1,,2021/12/20
"37,591",A522530630834,4902370548983 ,HAC-P-AX7QA,ポケットモンスター ブリリアントダイヤモンド [Nintendo Switch] ,1,1,,2021/12/16
"37,450",M9AIB7608664J7C,195553316767 ,ZS590KS-BK256S16,Zenfone 8 256GB (RAM 16GBモデル) SIMフリー [オブシディアンブラック] ,1,1,,2021/12/15
"37,403",B522530066656,4902370549003 ,HAC-P-AX7RA,ポケットモンスター シャイニングパール [Nintendo Switch] ,1,1,,2021/12/14
"37,401",A522530066656,4902370548983 ,HAC-P-AX7QA,ポケットモンスター ブリリアントダイヤモンド [Nintendo Switch] ,1,1,,2021/12/14
"37,233",A627006568904,4902370548440 ,HAC-P-AYL8A,メトロイド ドレッド [Nintendo Switch] ,1,1,,2021/12/13
"36,541",A522528414004,4902370548983 ,HAC-P-AX7QA,ポケットモンスター ブリリアントダイヤモンド [Nintendo Switch] ,1,1,,2021/12/6
"36,462",210518XJS215B134,4549980278123 ,SD-MT3,パナソニック SD-MT3 [ホームベーカリー (1斤タイプ)],1,1,,2021/12/6
"36,087",A0120211006116623,4988602174106 ,RL007-J1,コナミ 遊戯王ラッシュデュエル 最強バトルロイヤル！！ [Nintendo Switch] ,1,1,,2021/12/1
"36,128",A0120211105106723,4534530132086 ,ANPX-45003,鬼滅の刃 ヒノカミ血風譚 [フィギュアマルチスタンド付き数量限定版] [PS4] ,1,1,,2021/12/1
"36,126",A0120211105106853,4534530132086 ,ANPX-45003,鬼滅の刃 ヒノカミ血風譚 [フィギュアマルチスタンド付き数量限定版] [PS4] ,1,1,,2021/12/1
"36,122",A065707213317,4549576167718 ,Xbox Series S,マイクロソフト Xbox Series S  RRS-00015 [ゲーム機本体],1,1,,2021/12/1
"36,118",A0120211007108856,4582528466576 ,ELJS-20006,バンダイナムコエンターテインメント テイルズ オブ アライズ [通常版] [PS5] ,1,1,,2021/12/1
"36,112",A0120211007108870,4948872015998 ,ECJS-00008,SIE ラチェット&クランク パラレル・トラブル [PS5] ,1,1,,2021/12/1
"36,091",A0120211013107997,4582528466552 ,PLJS-36173,テイルズ オブ アライズ [PS4] ,1,1,,2021/12/1
"35,988",DA0697054292,4902370549027 ,HAC-P-ZAADA,ポケットモンスター ブリリアントダイヤモンド・シャイニングパール ダブルパック [Switch] ,1,1,,2021/11/30
"35,957",B626133417954,4902370549027 ,HAC-P-ZAADA,ポケットモンスター ブリリアントダイヤモンド・シャイニングパール ダブルパック [Switch] ,1,1,,2021/11/30
"35,529",I283493784221,4902370549003 ,HAC-P-AX7RA,ポケットモンスター シャイニングパール [Nintendo Switch] ,1,1,,2021/11/24
"35,525",G283493784221,4902370549003 ,HAC-P-AX7RA,ポケットモンスター シャイニングパール [Nintendo Switch] ,1,1,,2021/11/24
"35,517",C283493784221,4902370548983 ,HAC-P-AX7QA,ポケットモンスター ブリリアントダイヤモンド [Nintendo Switch] ,1,1,,2021/11/24
"35,515",B283493784221,4902370548983 ,HAC-P-AX7QA,ポケットモンスター ブリリアントダイヤモンド [Nintendo Switch] ,1,1,,2021/11/24
"34,502",C991989817856,4562412130868 ,HAC-P-A3CRA,宮本算数教室 賢くなるパズル 大全 [Nintendo Switch] ,1,1,,2021/11/10
"34,259",A522522036772,4582528473598 ,PLJS-36175,スーパーロボット大戦30 [PS4] ,1,1,,2021/11/6
"34,361",A289099466460,4902370548501 ,HEG-S-KABAA,Switch (有機ELモデル) HEG-S-KABAA [ネオンブルー・ネオンレッド] ,1,1,,2021/11/3
"33,644",DA0773654428,4974365825270 ,PLJM-16879,バック・フォー・ブラッド [通常版] [PS4] ,1,1,,2021/10/30
"33,631",ACJKRU0B24500225,4571411194382 ,Air 2 Pro A3951N31,Soundcore Liberty Air 2 Pro A3951N31 [ネイビー] イヤホン,1,1,,2021/10/30
"32,969",DA0607721550,4948872016001 ,PCJS-66080,SIE DEATH STRANDING [Value Selection] [PS4] ,1,1,,2021/10/13
"31,831",A522512371010,4582528466576 ,ELJS-20006,バンダイナムコエンターテインメント テイルズ オブ アライズ [通常版] [PS5] ,1,1,,2021/9/17
"31,829",522512371010 ,4582528466576 ,ELJS-20006,バンダイナムコエンターテインメント テイルズ オブ アライズ [通常版] [PS5] ,1,1,,2021/9/17
"31,581",708001321193 ,4571558940057 ,ELJM-30077,Kalypso Media ポートロイヤル4 [PS5] ,1,1,,2021/9/13
"31,450",519870107680 ,4549077893055 ,TK-CJ22,パナソニック TK-CJ22  TKCJ22S 蛇口直結型浄水器 シルバー,1,1,,2021/9/9
"30,790",2048LZ92W5P9,4943765050032 ,C922N,Logicool Pro Stream Webcam C922n [ブラック][ロジクール プロ ストリーミング ウェブカム],1,1,1,2021/8/31
"30,122",357399384720 ,4988602174106 ,RL007-J1,コナミ 遊戯王ラッシュデュエル 最強バトルロイヤル！！ [Nintendo Switch] ,1,1,,2021/8/20
"30,143",472559976722 ,4902370547955 ,HAC-P-AZ89A,任天堂 ゼルダの伝説 スカイウォードソード HD [Nintendo Switch]      ,1,1,1,2021/8/20
"28,377",120210707105387 ,5702016618297 ,マインクラフト 21162,レゴ(LEGO) マインクラフト タイガの冒険 21162,1,1,,2021/7/30
"29,226",2042LZ90QD70,4988104128171 ,4.9881E+12,『ウマ箱2』第2コーナー アニメ『ウマ娘 プリティーダービー Season 2』トレーナーズBOX) [Blu-ray],1,1,,2021/7/28
"26,451",RF3385682,4582138093681 ,CARAT RF-FC1932B,MTG ReFa 4 CARAT RF-FC1932B,1,1,,2021/6/4
"25,283",0273B21148,4210201203810 ,SES9880,ブラウン シルク・エピル9 SES9880 レディースシェーバー　,1,1,,2021/5/6
"24,211",323445759921 ,4571304478070 ,HAC-B-AVSFA,Take Two Interactive Software　ボーダーランズ レジェンダリー・コレクション [Nintendo Switch],1,1,,2021/3/1
"23,898",358636421710 ,4582528436487 ,PLJS-36096,バンダイナムコエンターテインメント リトルナイトメア2 [PS4] ,1,1,,2021/2/25
"23,261",2021020307 ,4940261516703 ,PLJS-36142,スパイク・チュンソフト Re：ゼロから始める異世界生活 偽りの王選候補 [PS4] ,1,1,,2021/2/3
"23,259",2021020306 ,4940261516703 ,PLJS-36142,スパイク・チュンソフト Re：ゼロから始める異世界生活 偽りの王選候補 [PS4] ,1,1,,2021/2/3
"21,414",2026007 ,4974019107028 ,KI-JP100,SHARP　KI-JP100　プラズマクラスターNEXT搭載 加湿空気清浄機(空清46畳まで/加湿26畳まで),1,1,,2020/12/1
"21,214",2020112402 ,4902720102629 ,DHA-90,森永 ママのDHA 90粒入 (約30日分) 妊娠期~授乳期,1,1,,2020/11/24
"53,914",I8010K3736519,731855080106 ,TBS-8010-01,RECON 70N TBS-8010-01 ゲーミングヘッドセット,1,1,,2020/10/31
"53,912",I8010K3716726,731855080106 ,TBS-8010-01,RECON 70N TBS-8010-01 ゲーミングヘッドセット,1,1,,2020/10/31
"53,916",I8010K3736727,731855080106 ,TBS-8010-01,RECON 70N TBS-8010-01 ゲーミングヘッドセット,1,1,,2020/10/31
"19,853",22044T2000613,6935364089269 ,ArcherAX50,TP-Link 新世代 Wi-Fi 6（11AX） 無線LANルーター 2402+574Mbps Intel CPU Archer AX50,1,1,,2020/9/17
"19,552",908253 ,4550283317174 ,DSHH-20,ドウシシャ Otona 電動わた雪かき氷器 DSHH-20,1,1,1,2020/8/22
"19,323",2020081702 ,4965857102030 ,HAC-P-ALMAA,イマジニア Fit Boxing [Nintendo Switch],1,1,1,2020/8/17
"19,340",B390060K200106N100174,885155020642 ,B390060,iRobot アイロボット ブラーバ390j B390060 床拭きロボット 【国内正規品】,1,1,1,2020/8/17
"19,146",B390060K200114N100093,885155020642 ,B390060,iRobot アイロボット ブラーバ390j B390060 床拭きロボット 【国内正規品】,1,1,1,2020/8/7
"17,796",2020060401 ,4902430859622 ,arieru910,洗濯洗剤 液体 部屋干し アリエール 本体(910g),5,1,1,2020/6/5
"17,386",2020051503 ,4979750800092 ,HOMESTAR Relax Pink,セガトイズ　ホームスター Relax（リラックス） ピンク,1,1,1,2020/5/15
"17,827",Z7DD4Z85442,4580573470739 ,TE-D01d mk2-BK,AVIOT TE-D01d mk2-BK [ブラック]　フルワイヤレスイヤホン [リモコン･マイク対応 /ワイヤレス(左右分離) /Bluetooth],1,1,1,2020/5/13
"17,144",2020050702 ,4562441906526 ,HAND GEL ,ハンドジェル HAND GEL アルコール洗浄タイプ 速乾性 大容量500mL　手指を汚れから守る,240,214,1,2020/4/29
"16,522",972573012022900000 ,4549980265987 ,SRMP300,Panasonic  パナソニック 電気圧力鍋 時短なべ 3L  圧力、低温、無水、煮込、自動調理  ブラック SR-MP300-K,1,1,1,2020/4/16
"16,518",972579012030400000 ,4549980265987 ,SRMP300,Panasonic  パナソニック 電気圧力鍋 時短なべ 3L  圧力、低温、無水、煮込、自動調理  ブラック SR-MP300-K,1,1,1,2020/4/16
"16,516",972579012030300000 ,4549980265987 ,SRMP300,Panasonic  パナソニック 電気圧力鍋 時短なべ 3L  圧力、低温、無水、煮込、自動調理  ブラック SR-MP300-K,1,1,1,2020/4/16
"16,382",%VN9LA002728,4549980266588 ,DMR-4CW200,Panasonic  おうちクラウドディーガ 4Kチューナー内蔵モデル  DMR-4CW200,1,1,1,2020/4/11
"15,735",SFVFZW283LYWJ,4549995094930 ,MVFK2JA,アップル Apple　MacBook Air 13インチ 1.6GHz第8世代Intel Core i5 8GB/128GB シルバー MVFK2J/A,1,1,1,2020/3/26
"15,650",173313A00156,SD8SB8U-128G,SD8SB8U-128G,SanDisk SD8SB8U-128G,1,1,,2020/3/25
"15,649",173313A01856,SD8SB8U-128G,SD8SB8U-128G,SanDisk SD8SB8U-128G,1,1,,2020/3/25
"15,658",TDD90102903,4580573470104 ,TE-D01d-BK,AVIOT アビオット 高音質 グラフェンドライバー搭載 完全ワイヤレス ブラック TE-D01d-BK,1,1,,2020/3/25
"15,656",TDD90102603,4580573470104 ,TE-D01d-BK,AVIOT アビオット 高音質 グラフェンドライバー搭載 完全ワイヤレス ブラック TE-D01d-BK,1,1,,2020/3/25
"14,366",9AHTXA001223,4717677335668 ,DeskMini 310/B/BB/JP,,1,1,1,2020/1/21
"13,569",SG99ZK1PUMLF3,4549995100778 ,MWWL2J-A,Apple Watch Series 5 GPS+Cellularモデル -44mm スペースブラックステンレススチールケースとスペースブラックミラネーゼループ MWWL2J/A,1,1,1,2019/12/24
"13,518",SG99D96S6MLD5,4549995100846 ,MWX62J-A,Apple Watch Series 5（GPS + Cellularモデル）- 40mm ゴールドステンレススチールケースとストーンスポーツバンド MWX62J/A,1,1,1,2019/12/22
"14,454",2019120904 ,4948872311595 ,DaysGone,SIE　Days Gone [Value Selection] [PS4]　,1,1,1,2019/12/16
"12,737",540E0032A,PC-VJ24VTARJ,PC-VJ24VTARJ,,1,1,,2019/12/10
"19,901",2019120908 ,4973007007043 ,Action 360 DC3000,CAR MATE d'Action 360 DC3000 ブラック ドライブレコーダー d’Action 360 （ダクション 360） 360度（前後左右）撮影 超広角SONYセンサー使用 駐車監視 アクションカメラ 4K相当 ,1,1,1,2019/12/9
"12,206",4983771245459 ,4983771245459 ,YZC-302FL,ホットカーペット フローリング調ホットカーペット 3畳,1,1,,2019/12/2
"9,270",KYN961061803230108721,885155014870 ,ルンバ961,ルンバ961 アイロボット ロボット掃除機 カメラセンサー カーペット 畳 段差乗り越え wifi対応 自動充電・運転再開 吸引力 マッピング【Alexa対応】,1,1,1,2019/9/29
"9,272",KYN961061803230108000,885155014870 ,ルンバ961,ルンバ961 アイロボット ロボット掃除機 カメラセンサー カーペット 畳 段差乗り越え wifi対応 自動充電・運転再開 吸引力 マッピング【Alexa対応】,1,1,1,2019/9/29
"7,838",ML65S025248,4988648859661 ,ｏｆｆｉｃｅ　ｐｅｒｓｏｎａｌ 2013,,1,1,,2019/9/12
"7,233",SFHLZ49EMKDH3,4549995045451 ,MU672JA,Apple Watch Series 4 GPSモデル 40mm MU672J/A [スペースグレイアルミニウムケースとブラックスポーツループ],1,1,1,2019/8/16
"6,759",LA-T3X10,4573424240407 ,LA-T3X10,Lazos アルカリ乾電池 単3形 10本パック LA-T3X10,25,15,1,2019/7/19
"17,700",6PM7N17A27000135,6901443182152 ,Huawei P10 Plus Dazling Gold,,1,1,1,2018/8/30
,6CHTXW000562,4717677331851 ,Beebox-S 7100U/B/BB/JP,,1,1,1,2018/6/6
,WIR100015918,4949090720657 ,REX-WFIREX1,,1,1,1,2018/6/6
"5,065",HKS-551C-WH,4560373522203 ,HKS551CWH,ドウシシャ布団乾燥機　Pieria　ピエリア HKS-551C　クレベリンLED搭載,1,1,1,2018/4/4
,173818DB9387,4988755037099 ,CT1050MX300SSD1/JP,,1,1,1,2018/1/19
,4549549168186 ,4549549168186 ,tn-ps6lhy,,2,2,1,2017/9/26
,2R11791609U7ZAJ,4549325024446 ,ak380 recorder,,1,1,1,2017/6/2
"4,237",84915060300284 ,4562437860849 ,ｆｒｔ８１０,,1,1,1,2016/12/27
,TSS867,92636313197 ,TSS867,,4,1,1,2016/8/26
,160622 ,4571396060290 ,G01500MT　TV台,,2,1,1,2016/6/22
,1506I04090101315,4988755020220 ,tn80w,,1,1,1,2016/5/27
,1506I04090101308,4988755020220 ,tn80w,,1,1,1,2016/5/27
,1506I04090101306,4988755020220 ,tn80w,,1,1,1,2016/5/27
,1506I04090101285,4988755020220 ,tn80w,,1,1,1,2016/3/28
,SFHLPP9SWG9HM,4547597903247 ,MJ2Y2J/A,,4,1,1,2016/3/1
,1S59428222HA0A7KT4,4562466084193 ,59428222,,1,1,1,2015/7/27
,15000411 ,4582109234945 ,TSV-002CPK,,48,48,1,2015/3/10
,770718 ,4582109234945 ,TSV-002CPK,,24,21,1,2015/2/24
,4516748007165 ,4516748007165 ,KJW-52,,1,1,1,2014/4/17
